{
  "train_loss": [
    1.7989745969491537,
    1.6440806672659378,
    1.575208248794702,
    1.5379759057264328,
    1.5133851276685688,
    1.4960572236563756,
    1.48265317267635,
    1.4719498301206084,
    1.4643746107808417,
    1.4576751716133471,
    1.4509890930642522,
    1.4458289016077945,
    1.440665897634007,
    1.4372423908660918,
    1.4327766111001723,
    1.4296356277307019,
    1.4277907947752426,
    1.424449217203182,
    1.4223696442460547,
    1.4201139068957238,
    1.4182312685589824,
    1.4159846495379695,
    1.4033805639135226,
    1.4008230601906948,
    1.3991123488087145,
    1.397507082353493,
    1.396155059551153,
    1.3949122959031648,
    1.3939651543209985,
    1.3916889758444622,
    1.3903814192252593,
    1.3889434155286329,
    1.387700960790834,
    1.3866992883944025,
    1.3852468336969324,
    1.3844310294265134,
    1.3845642627382622,
    1.382475675438649,
    1.3818992528671803,
    1.3819434834152593,
    1.3800460841796334,
    1.3796163379200541,
    1.379467465654245,
    1.3785278032691954,
    1.377397130847341,
    1.3768143346362394,
    1.3757984280482545,
    1.375799408552516,
    1.3754141093457417,
    1.3751288195708997,
    1.374249381192948,
    1.373593393952022,
    1.373716503352229,
    1.368538627114778,
    1.3659796052099826,
    1.3656821270119086,
    1.3652771082240178,
    1.3647628134735315,
    1.3639928521573008,
    1.3642835604155266,
    1.3639355005178968,
    1.363017709384653,
    1.3603375276874607,
    1.3595306628183885,
    1.3594859741556877,
    1.3591219836288153,
    1.3589405966294532,
    1.358475290706188,
    1.3585169601476126,
    1.3585603766487482,
    1.3586713608063927,
    1.3578829328263198,
    1.3584698723107997,
    1.3577855741480143,
    1.3581613332965545,
    1.3569681956693407,
    1.3562227340678321,
    1.3559322743189153,
    1.3568162671821355,
    1.3561356867482868,
    1.355759276460293,
    1.3556139156023945,
    1.3555209982128402,
    1.3554982837598815,
    1.3555322187161114,
    1.354744805450991,
    1.3545283609365786,
    1.3545931900985402,
    1.3541849716177483,
    1.353818946113207,
    1.3544614193717217,
    1.353879153980423,
    1.3538403500833036,
    1.3542542544761487,
    1.3546033139508484,
    1.3539276934241735,
    1.354160088889366,
    1.353224639258755,
    1.353981610100038,
    1.3535833518531037
  ],
  "train_acc": [
    0.35451392919137525,
    0.41790378092024866,
    0.44747975601581175,
    0.4601960689697446,
    0.469653912315411,
    0.4767433823136243,
    0.4809969338955177,
    0.4843408266614152,
    0.4871304470304693,
    0.48976878363944387,
    0.4918587166181298,
    0.4940373331803107,
    0.4956160313835552,
    0.4970753980001852,
    0.49858367100477197,
    0.49962831145152853,
    0.5004551554505844,
    0.5020045098210548,
    0.5031913048354724,
    0.503935334017588,
    0.5047602217611256,
    0.5059509292865797,
    0.5106524633821571,
    0.5119729358569899,
    0.5134270857922378,
    0.5144834637721041,
    0.5160145597577374,
    0.5169959479427365,
    0.5181136219288418,
    0.5191393519055885,
    0.519915985346342,
    0.5211705972187263,
    0.5220463476057389,
    0.5222191501765194,
    0.5228210247909741,
    0.5236022228279369,
    0.5231255485666516,
    0.5244036355052552,
    0.5244916670035773,
    0.5250244205897198,
    0.5254124112675101,
    0.525613905585892,
    0.5257214996393968,
    0.5263233742538516,
    0.5266422439033297,
    0.5268450423920571,
    0.527583202807618,
    0.5271300036125519,
    0.52770905524596,
    0.5282274629583018,
    0.5277918700629002,
    0.5277312261418338,
    0.5283526633114711,
    0.5300826452747952,
    0.5314983221848505,
    0.5310672938856582,
    0.5318771836702223,
    0.5320232507489199,
    0.531995863171664,
    0.5321458427613981,
    0.5322697389442219,
    0.5327333715020521,
    0.5336436824032208,
    0.5337232367942971,
    0.533656724106676,
    0.5340681898506855,
    0.5339064727278419,
    0.533994504226164,
    0.5342012152259279,
    0.5341327462827885,
    0.5342801175318316,
    0.53448552436125,
    0.5340753627875858,
    0.5346211580771834,
    0.5341640463710808,
    0.5346720207206584,
    0.5349439402376981,
    0.5350724010167311,
    0.5349856736887545,
    0.5353645351741263,
    0.5355692899183719,
    0.5352751995054587,
    0.5353541018113622,
    0.5356931861011958,
    0.5353162808713423,
    0.5355829837069999,
    0.5355419023411162,
    0.5358718574385312,
    0.5355282085524883,
    0.5361039997600326,
    0.5358953325047504,
    0.5357707842367538,
    0.5362846273528863,
    0.5359624972775444,
    0.5357929551326276,
    0.5360720475865676,
    0.5358940283344049,
    0.5363244045484244,
    0.5362415897314844,
    0.5362670210532219
  ],
  "val_loss": [
    1.6928066597511138,
    1.5766807360623185,
    1.4917884340391308,
    1.463805359479694,
    1.4478545758764982,
    1.4197823347231906,
    1.4262955088571585,
    1.409129795608865,
    1.4050141284997033,
    1.4024097308409842,
    1.3916127737710389,
    1.3826346488657166,
    1.3718848701263389,
    1.3841761668348405,
    1.3787251563227154,
    1.361045886711396,
    1.365801303081905,
    1.3659017077342215,
    1.3619155111742633,
    1.3695718257985752,
    1.361974491408727,
    1.3644774278203342,
    1.3529609163127778,
    1.3514217138339377,
    1.3471277333642444,
    1.350182037205422,
    1.3437180231843713,
    1.341984668852403,
    1.3371491879745112,
    1.3455447972432175,
    1.334967821742782,
    1.3354875029966022,
    1.334382145687939,
    1.3311117251112095,
    1.3358199493676477,
    1.3267352614372296,
    1.3330236367004757,
    1.3267241680089068,
    1.3300833490196209,
    1.3212237134192077,
    1.332579931426215,
    1.3252928368082093,
    1.327817019515422,
    1.325055612743124,
    1.324402242930132,
    1.320786833681268,
    1.316049723801849,
    1.3228751627411293,
    1.3220424373264967,
    1.318782790863487,
    1.3176687754251744,
    1.3160819224028044,
    1.3217019643597865,
    1.3139358805131036,
    1.312844578967086,
    1.3125724544134876,
    1.3140111058867463,
    1.3157235147129447,
    1.3131261085627706,
    1.3136604438205974,
    1.313987885397472,
    1.314844409411432,
    1.31078336637714,
    1.3073918427538036,
    1.3084664087822797,
    1.30996405073394,
    1.3096246957102173,
    1.3080482756199214,
    1.3070218328672825,
    1.3087595990049736,
    1.307134198676655,
    1.3079616336725162,
    1.3072500428632448,
    1.3107415082566474,
    1.309699060875479,
    1.3081860437635553,
    1.3094098511793208,
    1.3083333001820001,
    1.3063998844044096,
    1.3070497204146663,
    1.3086206473167583,
    1.3073622693077669,
    1.307921106312257,
    1.3062910642403216,
    1.3068969112512963,
    1.3071441332988758,
    1.30700676947142,
    1.3064053723905389,
    1.3067038595264935,
    1.3061618610491077,
    1.306731235283452,
    1.3057414218526417,
    1.3068755097413858,
    1.3056139437382988,
    1.306692055222931,
    1.3053571402680624,
    1.3060784817359001,
    1.3058248836532553,
    1.3068293258286157,
    1.3055240185587478
  ],