{
  "train_loss": [
    2.0201894186797733,
    1.8149740468158313,
    1.7575833518036224,
    1.7248672097486641,
    1.6851765019798335,
    1.670135600724656
  ],
  "train_acc": [
    0.39377076076168765,
    0.4776876016437763,
    0.5100271137014832,
    0.5311892338129637,
    0.5546140894739108,
    0.5611342891163072
  ],
  "val_loss": [
    1.8228799808478264,
    1.796502431571092,
    1.7253382580845045,
    1.683018030769534,
    1.6457337302752078,
    1.653108729137616
  ],
  "val_acc": [
    0.46811990273503906,
    0.49456063507837733,
    0.5226876585788596,
    0.5517341215733762,
    0.5702011616237693,
    0.5659776087139389
  ]
}