{
  "train_loss": [
    1.9046604827919684,
    1.746301379035871,
    1.7079569368345786,
    1.6880868077364422,
    1.674325469056906,
    1.663949232878376,
    1.6561752753355006,
    1.649907339663379,
    1.6446857234241277,
    1.639769760289437,
    1.635984314877264,
    1.632454803888289,
    1.6295687328833195,
    1.6268750218772494,
    1.6239203200053045,
    1.6110189012200191,
    1.6090770041118097,
    1.607521134476398,
    1.6056390983918138,
    1.6048993213634575,
    1.6037409512104042,
    1.6032485957756815,
    1.602309857716091,
    1.6014852652927116
  ],
  "train_acc": [
    0.4624092460460816,
    0.5328422697259025,
    0.5501531748070806,
    0.5597440435279895,
    0.5657021457514695,
    0.5707388516258439,
    0.5747954734855648,
    0.5770373423095031,
    0.5794526657893947,
    0.5818882039096419,
    0.5836227504691753,
    0.5850573378492405,
    0.586625602689721,
    0.5878443498776036,
    0.5891719952893367,
    0.5952787729322053,
    0.5959804165780918,
    0.5964688283724867,
    0.5973582725481271,
    0.5979581909070635,
    0.598005141039502,
    0.5984739902787143,
    0.5991143379183616,
    0.5989350144958534
  ],
  "val_loss": [
    1.7580935440474363,
    1.6723250553766105,
    1.6587012415363156,
    1.6720883656077374,
    1.6706911517150467,
    1.651826795762133,
    1.663581995264803,
    1.667729030037099,
    1.6801624536863622,
    1.6972959381200647,
    1.6755153772349776,
    1.699515047813991,
    1.6831648341040146,
    1.67083919953606,
    1.6919929037092605,
    1.7105450769426909,
    1.678601553317424,
    1.6608909174188722,
    1.700543923409436,
    1.6956276663014598,
    1.7007635428966534,
    1.6743197278623407,
    1.692054055080698,
    1.659671113636862
  ],
  "val_acc": [
    0.5276898006772552,
    0.5631879901639537,
    0.5712301513553908,
    0.5669361732928259,
    0.566552747461271,
    0.5743542893808651,
    0.5685090017038974,
    0.5733742060053093,
    0.5707117439810948,
    0.5654415950514593,
    0.5748179216363676,
    0.5623096320090144,
    0.5763379311828882,
    0.5726406106643244,
    0.5657428582048237,
    0.5705571998959272,
    0.5786267486467611,
    0.5828385640311358,
    0.5710912573041643,
    0.5733976810562208,
    0.577014795150837,
    0.5800998080914588,
    0.574925515619712,
    0.5833863152190711
  ]
}